Class or Package Name, Initialization Kind, Reasons
boolean, BUILD_TIME, primitive types are initialized at build time
byte, BUILD_TIME, primitive types are initialized at build time
byte[], BUILD_TIME, arrays are initialized at build time
byte[][], BUILD_TIME, arrays are initialized at build time
char, BUILD_TIME, primitive types are initialized at build time
cheshire, BUILD_TIME, from 'META-INF/native-image/cheshire/cheshire/native-image.properties' in 'file:///home/delboni/Workspaces/clj/graphmosphere/target/graphmosphere-0.1.0-SNAPSHOT.jar' with 'cheshire' and from feature InitAtBuildTimeFeature.duringSetup with 'cheshire'
clj_easy, BUILD_TIME, from feature InitAtBuildTimeFeature.duringSetup with 'clj_easy'
clj_http, BUILD_TIME, from 'META-INF/native-image/clj-http/clj-http/native-image.properties' in 'file:///home/delboni/Workspaces/clj/graphmosphere/target/graphmosphere-0.1.0-SNAPSHOT.jar' with 'clj_http' and from feature InitAtBuildTimeFeature.duringSetup with 'clj_http'
clj_tuple, BUILD_TIME, from 'META-INF/native-image/clj-http/clj-http/native-image.properties' in 'file:///home/delboni/Workspaces/clj/graphmosphere/target/graphmosphere-0.1.0-SNAPSHOT.jar' with 'clj_tuple'
clj_tuple$hash_map, BUILD_TIME, from 'META-INF/native-image/clj-http/clj-http/native-image.properties' in 'file:///home/delboni/Workspaces/clj/graphmosphere/target/graphmosphere-0.1.0-SNAPSHOT.jar' with 'clj_tuple$hash_map'
clj_tuple$vector, BUILD_TIME, from 'META-INF/native-image/clj-http/clj-http/native-image.properties' in 'file:///home/delboni/Workspaces/clj/graphmosphere/target/graphmosphere-0.1.0-SNAPSHOT.jar' with 'clj_tuple$vector'
clojure, BUILD_TIME, from 'META-INF/native-image/clj-http/clj-http/native-image.properties' in 'file:///home/delboni/Workspaces/clj/graphmosphere/target/graphmosphere-0.1.0-SNAPSHOT.jar' with 'clojure' and from 'META-INF/native-image/cheshire/cheshire/native-image.properties' in 'file:///home/delboni/Workspaces/clj/graphmosphere/target/graphmosphere-0.1.0-SNAPSHOT.jar' with 'clojure' and from feature InitAtBuildTimeFeature.duringSetup with 'clojure'
clojure.lang.AFn, BUILD_TIME, super type of clojure.lang.AFunction
clojure.lang.AFunction, BUILD_TIME, super type of clojure.lang.RestFn
clojure.lang.RestFn, BUILD_TIME, super type of clj_tuple$hash_map and super type of clj_tuple$vector
com.fasterxml.jackson, BUILD_TIME, from 'META-INF/native-image/cheshire/cheshire/native-image.properties' in 'file:///home/delboni/Workspaces/clj/graphmosphere/target/graphmosphere-0.1.0-SNAPSHOT.jar' with 'com.fasterxml.jackson'
com.oracle.graal, BUILD_TIME, Native Image classes are always initialized at build time
com.oracle.svm, BUILD_TIME, Native Image classes are always initialized at build time
com.oracle.svm.core.SubstrateDiagnostics$ErrorContext, BUILD_TIME, classes annotated with RawStructure are always initialized
com.oracle.svm.core.SubstrateUtil$Target_com_oracle_svm_core_SubstrateUtil, BUILD_TIME, substitutions are always initialized
com.oracle.svm.core.SubstrateUtil$Target_java_io_FileOutputStream, BUILD_TIME, substitutions are always initialized
com.oracle.svm.core.Target_java_io_FilterInputStream, BUILD_TIME, substitutions are always initialized
com.oracle.svm.core.Target_java_lang_Terminator, BUILD_TIME, substitutions are always initialized
com.oracle.svm.core.Target_sun_security_provider_NativePRNG, BUILD_TIME, substitutions are always initialized
com.oracle.svm.core.Target_sun_security_provider_NativePRNG_RandomIO, BUILD_TIME, substitutions are always initialized
com.oracle.svm.core.aarch64.AArch64LibCHelper$CPUFeatures, BUILD_TIME, classes annotated with CStruct are always initialized and classes annotated with CContext are always initialized
com.oracle.svm.core.aarch64.AArch64LibCHelperDirectives, BUILD_TIME, CContext.Directives must be eagerly initialized
com.oracle.svm.core.amd64.AMD64LibCHelper$CPUFeatures, BUILD_TIME, classes annotated with CStruct are always initialized and classes annotated with CContext are always initialized
com.oracle.svm.core.amd64.AMD64LibCHelperDirectives, BUILD_TIME, CContext.Directives must be eagerly initialized
com.oracle.svm.core.c.Target_org_graalvm_nativeimage_c_function_CEntryPointLiteral, BUILD_TIME, substitutions are always initialized
com.oracle.svm.core.c.function.CEntryPointCreateIsolateParameters, BUILD_TIME, classes annotated with CStruct are always initialized
com.oracle.svm.core.c.function.CEntryPointNativeFunctions$IsolatePointer, BUILD_TIME, classes annotated with CPointerTo are always initialized
com.oracle.svm.core.c.function.CEntryPointNativeFunctions$IsolateThreadPointer, BUILD_TIME, classes annotated with CPointerTo are always initialized
com.oracle.svm.core.classinitialization.ClassInitializationInfo$InitState, BUILD_TIME, enums referred in annotations must be initialized
com.oracle.svm.core.code.CodeInfo, BUILD_TIME, classes annotated with RawStructure are always initialized
com.oracle.svm.core.code.CodeInfoImpl, BUILD_TIME, classes annotated with RawStructure are always initialized
com.oracle.svm.core.code.CodeInfoPointer, BUILD_TIME, classes annotated with RawPointerTo are always initialized
com.oracle.svm.core.code.InstalledCodeObserver$InstalledCodeObserverHandle, BUILD_TIME, classes annotated with RawStructure are always initialized
com.oracle.svm.core.code.SimpleCodeInfoQueryResult, BUILD_TIME, classes annotated with RawStructure are always initialized
com.oracle.svm.core.code.UntetheredCodeInfo, BUILD_TIME, classes annotated with RawStructure are always initialized
com.oracle.svm.core.containers.cgroupv1.CgroupV1Subsystem, RUN_TIME, for cgroup support
com.oracle.svm.core.containers.cgroupv2.CgroupV2Subsystem, RUN_TIME, for cgroup support
com.oracle.svm.core.genscavenge.AlignedHeapChunk$AlignedHeader, BUILD_TIME, classes annotated with RawStructure are always initialized
com.oracle.svm.core.genscavenge.GCImpl$CollectionVMOperationData, BUILD_TIME, classes annotated with RawStructure are always initialized
com.oracle.svm.core.genscavenge.HeapChunk$Header, BUILD_TIME, classes annotated with RawStructure are always initialized
com.oracle.svm.core.genscavenge.HeapChunk$HeaderPadding, BUILD_TIME, classes annotated with RawStructure are always initialized
com.oracle.svm.core.genscavenge.Target_java_lang_Runtime, BUILD_TIME, substitutions are always initialized
com.oracle.svm.core.genscavenge.ThreadLocalAllocation$Descriptor, BUILD_TIME, classes annotated with RawStructure are always initialized
com.oracle.svm.core.genscavenge.UnalignedHeapChunk$UnalignedHeader, BUILD_TIME, classes annotated with RawStructure are always initialized
com.oracle.svm.core.graal.llvm.runtime.LLVMExceptionUnwind, BUILD_TIME, classes with CConstant annotations are always initialized and classes annotated with CContext are always initialized
com.oracle.svm.core.graal.llvm.runtime.LLVMExceptionUnwind$_Unwind_Context, BUILD_TIME, classes annotated with CStruct are always initialized
com.oracle.svm.core.graal.llvm.runtime.LLVMExceptionUnwind$_Unwind_Exception, BUILD_TIME, classes annotated with CStruct are always initialized
com.oracle.svm.core.graal.llvm.util.LLVMDirectives, BUILD_TIME, CContext.Directives must be eagerly initialized
com.oracle.svm.core.heap.Target_java_lang_ref_Cleaner, BUILD_TIME, substitutions are always initialized
com.oracle.svm.core.heap.Target_java_lang_ref_Cleaner_Cleanable, BUILD_TIME, substitutions are always initialized
com.oracle.svm.core.heap.Target_java_lang_ref_Finalizer, BUILD_TIME, substitutions are always initialized
com.oracle.svm.core.heap.Target_java_lang_ref_Finalizer_FinalizerThread, BUILD_TIME, substitutions are always initialized
com.oracle.svm.core.heap.Target_java_lang_ref_PhantomReference, BUILD_TIME, substitutions are always initialized
com.oracle.svm.core.heap.Target_java_lang_ref_Reference, BUILD_TIME, substitutions are always initialized
com.oracle.svm.core.heap.Target_java_lang_ref_ReferenceQueue, BUILD_TIME, substitutions are always initialized
com.oracle.svm.core.heap.Target_java_lang_ref_Reference_ReferenceHandler, BUILD_TIME, substitutions are always initialized
com.oracle.svm.core.heap.Target_java_lang_ref_SoftReference, BUILD_TIME, substitutions are always initialized
com.oracle.svm.core.heap.Target_jdk_internal_ref_Cleaner, BUILD_TIME, substitutions are always initialized
com.oracle.svm.core.heap.Target_jdk_internal_ref_CleanerFactory, BUILD_TIME, substitutions are always initialized
com.oracle.svm.core.heap.Target_jdk_internal_ref_CleanerImpl, BUILD_TIME, substitutions are always initialized
com.oracle.svm.core.heap.Target_jdk_internal_ref_PhantomCleanable, BUILD_TIME, substitutions are always initialized
com.oracle.svm.core.heap.Target_jdk_internal_ref_SoftCleanable, BUILD_TIME, substitutions are always initialized
com.oracle.svm.core.heap.Target_jdk_internal_ref_WeakCleanable, BUILD_TIME, substitutions are always initialized
com.oracle.svm.core.hub.DynamicHub, BUILD_TIME, substitutions are always initialized
com.oracle.svm.core.hub.HubType, BUILD_TIME, enums referred in annotations must be initialized
com.oracle.svm.core.hub.Target_java_lang_Class_AnnotationData, BUILD_TIME, substitutions are always initialized
com.oracle.svm.core.hub.Target_java_lang_Class_Atomic, BUILD_TIME, substitutions are always initialized
com.oracle.svm.core.hub.Target_java_lang_Class_EnclosingMethodInfo, BUILD_TIME, substitutions are always initialized
com.oracle.svm.core.hub.Target_java_lang_Class_ReflectionData, BUILD_TIME, substitutions are always initialized
com.oracle.svm.core.hub.Target_java_lang_PublicMethods_MethodList, BUILD_TIME, substitutions are always initialized
com.oracle.svm.core.hub.Target_jdk_internal_reflect_ReflectionFactory, BUILD_TIME, substitutions are always initialized
com.oracle.svm.core.hub.Target_sun_reflect_annotation_AnnotationType, BUILD_TIME, substitutions are always initialized
com.oracle.svm.core.hub.Target_sun_reflect_generics_reflectiveObjects_TypeVariableImpl, BUILD_TIME, substitutions are always initialized
com.oracle.svm.core.invoke.Target_java_lang_invoke_MemberName, BUILD_TIME, substitutions are always initialized
com.oracle.svm.core.jdk.JavaAWTSubstitutions$Target_java_awt_AWTEvent, BUILD_TIME, substitutions are always initialized
com.oracle.svm.core.jdk.JavaAWTSubstitutions$Target_java_awt_Window, BUILD_TIME, substitutions are always initialized
com.oracle.svm.core.jdk.JavaAWTSubstitutions$Target_java_awt_peer_ComponentPeer, BUILD_TIME, substitutions are always initialized
com.oracle.svm.core.jdk.JavaAWTSubstitutions$Target_sun_awt_DebugSettings, BUILD_TIME, substitutions are always initialized
com.oracle.svm.core.jdk.JavaAWTSubstitutions$Target_sun_awt_FcFontManager, BUILD_TIME, substitutions are always initialized
com.oracle.svm.core.jdk.JavaAWTSubstitutions$Target_sun_awt_FontConfiguration, BUILD_TIME, substitutions are always initialized
com.oracle.svm.core.jdk.JavaAWTSubstitutions$Target_sun_awt_UNIXToolkit, BUILD_TIME, substitutions are always initialized
com.oracle.svm.core.jdk.JavaAWTSubstitutions$Target_sun_awt_X11GraphicsConfig, BUILD_TIME, substitutions are always initialized
com.oracle.svm.core.jdk.JavaAWTSubstitutions$Target_sun_awt_X11InputMethodBase, BUILD_TIME, substitutions are always initialized
com.oracle.svm.core.jdk.JavaAWTSubstitutions$Target_sun_awt_X11_GtkFileDialogPeer, BUILD_TIME, substitutions are always initialized
com.oracle.svm.core.jdk.JavaAWTSubstitutions$Target_sun_awt_X11_XBaseWindow, BUILD_TIME, substitutions are always initialized
com.oracle.svm.core.jdk.JavaAWTSubstitutions$Target_sun_awt_X11_XDesktopPeer, BUILD_TIME, substitutions are always initialized
com.oracle.svm.core.jdk.JavaAWTSubstitutions$Target_sun_awt_X11_XInputMethod, BUILD_TIME, substitutions are always initialized
com.oracle.svm.core.jdk.JavaAWTSubstitutions$Target_sun_awt_X11_XRobotPeer, BUILD_TIME, substitutions are always initialized
com.oracle.svm.core.jdk.JavaAWTSubstitutions$Target_sun_awt_X11_XTaskbarPeer, BUILD_TIME, substitutions are always initialized
com.oracle.svm.core.jdk.JavaAWTSubstitutions$Target_sun_awt_X11_XToolkit, BUILD_TIME, substitutions are always initialized
com.oracle.svm.core.jdk.JavaAWTSubstitutions$Target_sun_awt_X11_XWindow, BUILD_TIME, substitutions are always initialized
com.oracle.svm.core.jdk.JavaAWTSubstitutions$Target_sun_awt_X11_XlibWrapper, BUILD_TIME, substitutions are always initialized
com.oracle.svm.core.jdk.JavaAWTSubstitutions$Target_sun_font_FcFontConfiguration, BUILD_TIME, substitutions are always initialized
com.oracle.svm.core.jdk.JavaAWTSubstitutions$Target_sun_font_FileFontStrike, BUILD_TIME, substitutions are always initialized
com.oracle.svm.core.jdk.JavaAWTSubstitutions$Target_sun_font_FontConfigManager, BUILD_TIME, substitutions are always initialized
com.oracle.svm.core.jdk.JavaAWTSubstitutions$Target_sun_font_FontConfigManager_FcCompFont, BUILD_TIME, substitutions are always initialized
com.oracle.svm.core.jdk.JavaAWTSubstitutions$Target_sun_font_FontUtilities, BUILD_TIME, substitutions are always initialized
com.oracle.svm.core.jdk.JavaAWTSubstitutions$Target_sun_font_SunFontManager, BUILD_TIME, substitutions are always initialized
com.oracle.svm.core.jdk.JavaAWTSubstitutions$Target_sun_java2d_loops_TransformBlit, BUILD_TIME, substitutions are always initialized
com.oracle.svm.core.jdk.JavaAWTSubstitutions$Target_sun_java2d_opengl_OGLRenderQueue, BUILD_TIME, substitutions are always initialized
com.oracle.svm.core.jdk.JavaAWTSubstitutions$Target_sun_java2d_opengl_OGLSurfaceData, BUILD_TIME, substitutions are always initialized
com.oracle.svm.core.jdk.JavaAWTSubstitutions$Target_sun_java2d_xr_XRBackendNative, BUILD_TIME, substitutions are always initialized
com.oracle.svm.core.jdk.Target_com_oracle_svm_core_util_VMError, BUILD_TIME, substitutions are always initialized
com.oracle.svm.core.jdk.Target_java_io_ExpiringCache, BUILD_TIME, substitutions are always initialized
com.oracle.svm.core.jdk.Target_java_io_FileDescriptor, BUILD_TIME, substitutions are always initialized
com.oracle.svm.core.jdk.Target_java_io_FileDescriptor_JNI, BUILD_TIME, substitutions are always initialized
com.oracle.svm.core.jdk.Target_java_io_FileInputStream_JNI, BUILD_TIME, substitutions are always initialized
com.oracle.svm.core.jdk.Target_java_io_FileOutputStream_JNI, BUILD_TIME, substitutions are always initialized
com.oracle.svm.core.jdk.Target_java_io_FileSystem, BUILD_TIME, substitutions are always initialized
com.oracle.svm.core.jdk.Target_java_io_ObjectStreamClass, BUILD_TIME, substitutions are always initialized
com.oracle.svm.core.jdk.Target_java_io_ObjectStreamClass_Caches, BUILD_TIME, substitutions are always initialized
com.oracle.svm.core.jdk.Target_java_io_UnixFileSystem, BUILD_TIME, substitutions are always initialized
com.oracle.svm.core.jdk.Target_java_lang_AssertionStatusDirectives, BUILD_TIME, substitutions are always initialized
com.oracle.svm.core.jdk.Target_java_lang_ClassLoader, BUILD_TIME, substitutions are always initialized
com.oracle.svm.core.jdk.Target_java_lang_ClassLoader_NativeLibrary, BUILD_TIME, substitutions are always initialized
com.oracle.svm.core.jdk.Target_java_lang_ClassValue, BUILD_TIME, substitutions are always initialized
com.oracle.svm.core.jdk.Target_java_lang_Compiler, BUILD_TIME, substitutions are always initialized
com.oracle.svm.core.jdk.Target_java_lang_Enum, BUILD_TIME, substitutions are always initialized
com.oracle.svm.core.jdk.Target_java_lang_Math, BUILD_TIME, substitutions are always initialized
com.oracle.svm.core.jdk.Target_java_lang_Module, BUILD_TIME, substitutions are always initialized
com.oracle.svm.core.jdk.Target_java_lang_ModuleLayer, BUILD_TIME, substitutions are always initialized
com.oracle.svm.core.jdk.Target_java_lang_Module_ReflectionData, BUILD_TIME, substitutions are always initialized
com.oracle.svm.core.jdk.Target_java_lang_NamedPackage, BUILD_TIME, substitutions are always initialized
com.oracle.svm.core.jdk.Target_java_lang_NullPointerException, BUILD_TIME, substitutions are always initialized
com.oracle.svm.core.jdk.Target_java_lang_Object, BUILD_TIME, substitutions are always initialized
com.oracle.svm.core.jdk.Target_java_lang_Package, BUILD_TIME, substitutions are always initialized
com.oracle.svm.core.jdk.Target_java_lang_Runtime, BUILD_TIME, substitutions are always initialized
com.oracle.svm.core.jdk.Target_java_lang_SecurityManager, BUILD_TIME, substitutions are always initialized
com.oracle.svm.core.jdk.Target_java_lang_Shutdown, BUILD_TIME, substitutions are always initialized
com.oracle.svm.core.jdk.Target_java_lang_StackFrameInfo, BUILD_TIME, substitutions are always initialized
com.oracle.svm.core.jdk.Target_java_lang_StackStreamFactory, BUILD_TIME, substitutions are always initialized
com.oracle.svm.core.jdk.Target_java_lang_StackWalker, BUILD_TIME, substitutions are always initialized
com.oracle.svm.core.jdk.Target_java_lang_StrictMath, BUILD_TIME, substitutions are always initialized
com.oracle.svm.core.jdk.Target_java_lang_String, BUILD_TIME, substitutions are always initialized
com.oracle.svm.core.jdk.Target_java_lang_StringUTF16, BUILD_TIME, substitutions are always initialized
com.oracle.svm.core.jdk.Target_java_lang_System, BUILD_TIME, substitutions are always initialized
com.oracle.svm.core.jdk.Target_java_lang_Throwable, BUILD_TIME, substitutions are always initialized
com.oracle.svm.core.jdk.Target_java_lang_WeakPairMap, BUILD_TIME, substitutions are always initialized
com.oracle.svm.core.jdk.Target_java_lang_invoke_VarHandle, BUILD_TIME, substitutions are always initialized
com.oracle.svm.core.jdk.Target_java_lang_invoke_VarHandleBooleans_Array, BUILD_TIME, substitutions are always initialized
com.oracle.svm.core.jdk.Target_java_lang_invoke_VarHandleBooleans_FieldInstanceReadOnly, BUILD_TIME, substitutions are always initialized
com.oracle.svm.core.jdk.Target_java_lang_invoke_VarHandleBooleans_FieldStaticReadOnly, BUILD_TIME, substitutions are always initialized
com.oracle.svm.core.jdk.Target_java_lang_invoke_VarHandleBytes_Array, BUILD_TIME, substitutions are always initialized
com.oracle.svm.core.jdk.Target_java_lang_invoke_VarHandleBytes_FieldInstanceReadOnly, BUILD_TIME, substitutions are always initialized
com.oracle.svm.core.jdk.Target_java_lang_invoke_VarHandleBytes_FieldStaticReadOnly, BUILD_TIME, substitutions are always initialized
com.oracle.svm.core.jdk.Target_java_lang_invoke_VarHandleChars_Array, BUILD_TIME, substitutions are always initialized
com.oracle.svm.core.jdk.Target_java_lang_invoke_VarHandleChars_FieldInstanceReadOnly, BUILD_TIME, substitutions are always initialized
com.oracle.svm.core.jdk.Target_java_lang_invoke_VarHandleChars_FieldStaticReadOnly, BUILD_TIME, substitutions are always initialized
com.oracle.svm.core.jdk.Target_java_lang_invoke_VarHandleDoubles_Array, BUILD_TIME, substitutions are always initialized
com.oracle.svm.core.jdk.Target_java_lang_invoke_VarHandleDoubles_FieldInstanceReadOnly, BUILD_TIME, substitutions are always initialized
com.oracle.svm.core.jdk.Target_java_lang_invoke_VarHandleDoubles_FieldStaticReadOnly, BUILD_TIME, substitutions are always initialized
com.oracle.svm.core.jdk.Target_java_lang_invoke_VarHandleFloats_Array, BUILD_TIME, substitutions are always initialized
com.oracle.svm.core.jdk.Target_java_lang_invoke_VarHandleFloats_FieldInstanceReadOnly, BUILD_TIME, substitutions are always initialized
com.oracle.svm.core.jdk.Target_java_lang_invoke_VarHandleFloats_FieldStaticReadOnly, BUILD_TIME, substitutions are always initialized
com.oracle.svm.core.jdk.Target_java_lang_invoke_VarHandleInts_Array, BUILD_TIME, substitutions are always initialized
com.oracle.svm.core.jdk.Target_java_lang_invoke_VarHandleInts_FieldInstanceReadOnly, BUILD_TIME, substitutions are always initialized
com.oracle.svm.core.jdk.Target_java_lang_invoke_VarHandleInts_FieldStaticReadOnly, BUILD_TIME, substitutions are always initialized
com.oracle.svm.core.jdk.Target_java_lang_invoke_VarHandleLongs_Array, BUILD_TIME, substitutions are always initialized
com.oracle.svm.core.jdk.Target_java_lang_invoke_VarHandleLongs_FieldInstanceReadOnly, BUILD_TIME, substitutions are always initialized
com.oracle.svm.core.jdk.Target_java_lang_invoke_VarHandleLongs_FieldStaticReadOnly, BUILD_TIME, substitutions are always initialized
com.oracle.svm.core.jdk.Target_java_lang_invoke_VarHandleObjects_Array, BUILD_TIME, substitutions are always initialized
com.oracle.svm.core.jdk.Target_java_lang_invoke_VarHandleObjects_FieldInstanceReadOnly, BUILD_TIME, substitutions are always initialized
com.oracle.svm.core.jdk.Target_java_lang_invoke_VarHandleObjects_FieldStaticReadOnly, BUILD_TIME, substitutions are always initialized
com.oracle.svm.core.jdk.Target_java_lang_invoke_VarHandleShorts_Array, BUILD_TIME, substitutions are always initialized
com.oracle.svm.core.jdk.Target_java_lang_invoke_VarHandleShorts_FieldInstanceReadOnly, BUILD_TIME, substitutions are always initialized
com.oracle.svm.core.jdk.Target_java_lang_invoke_VarHandleShorts_FieldStaticReadOnly, BUILD_TIME, substitutions are always initialized
com.oracle.svm.core.jdk.Target_java_lang_module_ModuleDescriptor, BUILD_TIME, substitutions are always initialized
com.oracle.svm.core.jdk.Target_java_lang_reflect_Array, BUILD_TIME, substitutions are always initialized
com.oracle.svm.core.jdk.Target_java_math_BigInteger, BUILD_TIME, substitutions are always initialized
com.oracle.svm.core.jdk.Target_java_net_URL, BUILD_TIME, substitutions are always initialized
com.oracle.svm.core.jdk.Target_java_net_URLClassLoader, BUILD_TIME, substitutions are always initialized
com.oracle.svm.core.jdk.Target_java_nio_Bits, BUILD_TIME, substitutions are always initialized
com.oracle.svm.core.jdk.Target_java_nio_Buffer, BUILD_TIME, substitutions are always initialized
com.oracle.svm.core.jdk.Target_java_nio_DirectByteBuffer, BUILD_TIME, substitutions are always initialized
com.oracle.svm.core.jdk.Target_java_nio_DirectByteBufferR_JDK11OrEarlier, BUILD_TIME, substitutions are always initialized
com.oracle.svm.core.jdk.Target_java_nio_DirectByteBuffer_JDK11OrEarlier, BUILD_TIME, substitutions are always initialized
com.oracle.svm.core.jdk.Target_java_nio_channels_spi_SelectorProvider, BUILD_TIME, substitutions are always initialized
com.oracle.svm.core.jdk.Target_java_nio_charset_CharsetEncoder, BUILD_TIME, substitutions are always initialized
com.oracle.svm.core.jdk.Target_java_nio_file_spi_FileSystemProvider, BUILD_TIME, substitutions are always initialized
com.oracle.svm.core.jdk.Target_java_security_AccessControlContext, BUILD_TIME, substitutions are always initialized
com.oracle.svm.core.jdk.Target_java_security_AccessController, BUILD_TIME, substitutions are always initialized
com.oracle.svm.core.jdk.Target_java_security_Policy, BUILD_TIME, substitutions are always initialized
com.oracle.svm.core.jdk.Target_java_security_Policy_PolicyInfo, BUILD_TIME, substitutions are always initialized
com.oracle.svm.core.jdk.Target_java_security_Provider, BUILD_TIME, substitutions are always initialized
com.oracle.svm.core.jdk.Target_java_security_Provider_ServiceKey, BUILD_TIME, substitutions are always initialized
com.oracle.svm.core.jdk.Target_java_security_SecureClassLoader, BUILD_TIME, substitutions are always initialized
com.oracle.svm.core.jdk.Target_java_security_SecureClassLoader_CodeSourceKey, BUILD_TIME, substitutions are always initialized
com.oracle.svm.core.jdk.Target_java_time_zone_ZoneRules, BUILD_TIME, substitutions are always initialized
com.oracle.svm.core.jdk.Target_java_util_AbstractMap, BUILD_TIME, substitutions are always initialized
com.oracle.svm.core.jdk.Target_java_util_Calendar, BUILD_TIME, substitutions are always initialized
com.oracle.svm.core.jdk.Target_java_util_Collections_SynchronizedMap, BUILD_TIME, substitutions are always initialized
com.oracle.svm.core.jdk.Target_java_util_Collections_UnmodifiableMap, BUILD_TIME, substitutions are always initialized
com.oracle.svm.core.jdk.Target_java_util_Currency, BUILD_TIME, substitutions are always initialized
com.oracle.svm.core.jdk.Target_java_util_EnumMap, BUILD_TIME, substitutions are always initialized
com.oracle.svm.core.jdk.Target_java_util_HashMap, BUILD_TIME, substitutions are always initialized
com.oracle.svm.core.jdk.Target_java_util_Hashtable, BUILD_TIME, substitutions are always initialized
com.oracle.svm.core.jdk.Target_java_util_IdentityHashMap, BUILD_TIME, substitutions are always initialized
com.oracle.svm.core.jdk.Target_java_util_JapaneseImperialCalendar, BUILD_TIME, substitutions are always initialized
com.oracle.svm.core.jdk.Target_java_util_Optional, BUILD_TIME, substitutions are always initialized
com.oracle.svm.core.jdk.Target_java_util_ServiceLoader, BUILD_TIME, substitutions are always initialized
com.oracle.svm.core.jdk.Target_java_util_ServiceLoader_LazyClassPathLookupIterator, BUILD_TIME, substitutions are always initialized
com.oracle.svm.core.jdk.Target_java_util_ServiceLoader_ModuleServicesLookupIterator, BUILD_TIME, substitutions are always initialized
com.oracle.svm.core.jdk.Target_java_util_ServiceLoader_ProviderImpl, BUILD_TIME, substitutions are always initialized
com.oracle.svm.core.jdk.Target_java_util_SplittableRandom, BUILD_TIME, substitutions are always initialized
com.oracle.svm.core.jdk.Target_java_util_TimeZone, BUILD_TIME, substitutions are always initialized
com.oracle.svm.core.jdk.Target_java_util_TreeMap, BUILD_TIME, substitutions are always initialized
com.oracle.svm.core.jdk.Target_java_util_TreeMap_EntrySet, BUILD_TIME, substitutions are always initialized
com.oracle.svm.core.jdk.Target_java_util_TreeMap_KeySet, BUILD_TIME, substitutions are always initialized
com.oracle.svm.core.jdk.Target_java_util_WeakHashMap, BUILD_TIME, substitutions are always initialized
com.oracle.svm.core.jdk.Target_java_util_concurrent_CompletableFuture, BUILD_TIME, substitutions are always initialized
com.oracle.svm.core.jdk.Target_java_util_concurrent_ConcurrentHashMap, BUILD_TIME, substitutions are always initialized
com.oracle.svm.core.jdk.Target_java_util_concurrent_ConcurrentHashMap_EntrySetView, BUILD_TIME, substitutions are always initialized
com.oracle.svm.core.jdk.Target_java_util_concurrent_ConcurrentHashMap_KeySetView, BUILD_TIME, substitutions are always initialized
com.oracle.svm.core.jdk.Target_java_util_concurrent_ConcurrentHashMap_ValuesView, BUILD_TIME, substitutions are always initialized
com.oracle.svm.core.jdk.Target_java_util_concurrent_ConcurrentSkipListMap, BUILD_TIME, substitutions are always initialized
com.oracle.svm.core.jdk.Target_java_util_concurrent_ConcurrentSkipListMap_EntrySet, BUILD_TIME, substitutions are always initialized
com.oracle.svm.core.jdk.Target_java_util_concurrent_ConcurrentSkipListMap_KeySet, BUILD_TIME, substitutions are always initialized
com.oracle.svm.core.jdk.Target_java_util_concurrent_ConcurrentSkipListMap_SubMap, BUILD_TIME, substitutions are always initialized
com.oracle.svm.core.jdk.Target_java_util_concurrent_ConcurrentSkipListMap_Values, BUILD_TIME, substitutions are always initialized
com.oracle.svm.core.jdk.Target_java_util_concurrent_ForkJoinPool, BUILD_TIME, substitutions are always initialized
com.oracle.svm.core.jdk.Target_java_util_concurrent_ForkJoinTask_ExceptionNode, BUILD_TIME, substitutions are always initialized
com.oracle.svm.core.jdk.Target_java_util_concurrent_ForkJoinTask_JDK11OrEarlier, BUILD_TIME, substitutions are always initialized
com.oracle.svm.core.jdk.Target_java_util_concurrent_ThreadLocalRandom, BUILD_TIME, substitutions are always initialized
com.oracle.svm.core.jdk.Target_java_util_concurrent_atomic_AtomicIntegerFieldUpdater_AtomicIntegerFieldUpdaterImpl, BUILD_TIME, substitutions are always initialized
com.oracle.svm.core.jdk.Target_java_util_concurrent_atomic_AtomicLongFieldUpdater_CASUpdater, BUILD_TIME, substitutions are always initialized
com.oracle.svm.core.jdk.Target_java_util_concurrent_atomic_AtomicLongFieldUpdater_LockedUpdater, BUILD_TIME, substitutions are always initialized
com.oracle.svm.core.jdk.Target_java_util_concurrent_atomic_AtomicReferenceFieldUpdater_AtomicReferenceFieldUpdaterImpl, BUILD_TIME, substitutions are always initialized
com.oracle.svm.core.jdk.Target_java_util_logging_LogManager, BUILD_TIME, substitutions are always initialized
com.oracle.svm.core.jdk.Target_java_util_logging_LogManager_Cleaner, BUILD_TIME, substitutions are always initialized
com.oracle.svm.core.jdk.Target_java_util_logging_SimpleFormatter, BUILD_TIME, substitutions are always initialized
com.oracle.svm.core.jdk.Target_java_util_zip_ZipFile_Source, BUILD_TIME, substitutions are always initialized
com.oracle.svm.core.jdk.Target_java_util_zip_ZipFile_Source_Key, BUILD_TIME, substitutions are always initialized
com.oracle.svm.core.jdk.Target_javax_crypto_CryptoAllPermission, BUILD_TIME, substitutions are always initialized
com.oracle.svm.core.jdk.Target_javax_crypto_JceSecurity, BUILD_TIME, substitutions are always initialized
com.oracle.svm.core.jdk.Target_javax_crypto_JceSecurityManager, BUILD_TIME, substitutions are always initialized
com.oracle.svm.core.jdk.Target_javax_crypto_ProviderVerifier, BUILD_TIME, substitutions are always initialized
com.oracle.svm.core.jdk.Target_jdk_internal_access_JavaAWTAccess, BUILD_TIME, substitutions are always initialized
com.oracle.svm.core.jdk.Target_jdk_internal_access_SharedSecrets, BUILD_TIME, substitutions are always initialized
com.oracle.svm.core.jdk.Target_jdk_internal_jrtfs_JrtFileSystemProvider_JRTDisabled, BUILD_TIME, substitutions are always initialized
com.oracle.svm.core.jdk.Target_jdk_internal_loader_BootLoader, BUILD_TIME, substitutions are always initialized
com.oracle.svm.core.jdk.Target_jdk_internal_loader_BuiltinClassLoader, BUILD_TIME, substitutions are always initialized
com.oracle.svm.core.jdk.Target_jdk_internal_loader_ClassLoaderHelper, BUILD_TIME, substitutions are always initialized
com.oracle.svm.core.jdk.Target_jdk_internal_loader_ClassLoaders, BUILD_TIME, substitutions are always initialized
com.oracle.svm.core.jdk.Target_jdk_internal_loader_Loader, BUILD_TIME, substitutions are always initialized
com.oracle.svm.core.jdk.Target_jdk_internal_loader_Loader_LoadedModule, BUILD_TIME, substitutions are always initialized
com.oracle.svm.core.jdk.Target_jdk_internal_loader_Resource, BUILD_TIME, substitutions are always initialized
com.oracle.svm.core.jdk.Target_jdk_internal_loader_URLClassPath, BUILD_TIME, substitutions are always initialized
com.oracle.svm.core.jdk.Target_jdk_internal_misc_Unsafe_Core, BUILD_TIME, substitutions are always initialized
com.oracle.svm.core.jdk.Target_jdk_internal_misc_VM, BUILD_TIME, substitutions are always initialized
com.oracle.svm.core.jdk.Target_jdk_internal_module_IllegalAccessLogger, BUILD_TIME, substitutions are always initialized
com.oracle.svm.core.jdk.Target_jdk_internal_module_SystemModuleFinders_SystemImage_JRTDisabled, BUILD_TIME, substitutions are always initialized
com.oracle.svm.core.jdk.Target_jdk_internal_reflect_Reflection, BUILD_TIME, substitutions are always initialized
com.oracle.svm.core.jdk.Target_jdk_internal_util_StaticProperty, BUILD_TIME, substitutions are always initialized
com.oracle.svm.core.jdk.Target_jdk_nashorn_api_scripting_ClassFilter, BUILD_TIME, substitutions are always initialized
com.oracle.svm.core.jdk.Target_jdk_nashorn_api_scripting_NashornScriptEngineFactory, BUILD_TIME, substitutions are always initialized
com.oracle.svm.core.jdk.Target_jdk_nio_zipfs_ZipFileSystemProvider, BUILD_TIME, substitutions are always initialized
com.oracle.svm.core.jdk.Target_jdk_vm_ci_services_Services, BUILD_TIME, substitutions are always initialized
com.oracle.svm.core.jdk.Target_sun_misc_Unsafe, BUILD_TIME, substitutions are always initialized
com.oracle.svm.core.jdk.Target_sun_net_spi_DefaultProxySelector, BUILD_TIME, substitutions are always initialized
com.oracle.svm.core.jdk.Target_sun_net_www_protocol_jrt_Handler_JRTDisabled, BUILD_TIME, substitutions are always initialized
com.oracle.svm.core.jdk.Target_sun_nio_ch_Util, BUILD_TIME, substitutions are always initialized
com.oracle.svm.core.jdk.Target_sun_nio_fs_UnixFileSystem, BUILD_TIME, substitutions are always initialized
com.oracle.svm.core.jdk.Target_sun_nio_fs_UnixFileSystemProvider, BUILD_TIME, substitutions are always initialized
com.oracle.svm.core.jdk.Target_sun_nio_fs_UnixPath, BUILD_TIME, substitutions are always initialized
com.oracle.svm.core.jdk.Target_sun_reflect_misc_MethodUtil, BUILD_TIME, substitutions are always initialized
com.oracle.svm.core.jdk.Target_sun_security_jca_ProviderConfig, BUILD_TIME, substitutions are always initialized
com.oracle.svm.core.jdk.Target_sun_security_jca_ProviderConfig_ProviderLoader, BUILD_TIME, substitutions are always initialized
com.oracle.svm.core.jdk.Target_sun_security_jca_Providers, BUILD_TIME, substitutions are always initialized
com.oracle.svm.core.jdk.Target_sun_security_provider_PolicyFile, BUILD_TIME, substitutions are always initialized
com.oracle.svm.core.jdk.Target_sun_security_provider_PolicySpiFile, BUILD_TIME, substitutions are always initialized
com.oracle.svm.core.jdk.Target_sun_security_ssl_SunJSSE, BUILD_TIME, substitutions are always initialized
com.oracle.svm.core.jdk.Target_sun_security_ssl_TrustStoreManager, BUILD_TIME, substitutions are always initialized
com.oracle.svm.core.jdk.Target_sun_security_ssl_TrustStoreManager_TrustAnchorManager, BUILD_TIME, substitutions are always initialized
com.oracle.svm.core.jdk.Target_sun_security_ssl_TrustStoreManager_TrustStoreDescriptor, BUILD_TIME, substitutions are always initialized
com.oracle.svm.core.jdk.Target_sun_util_BuddhistCalendar, BUILD_TIME, substitutions are always initialized
com.oracle.svm.core.jdk.Target_sun_util_calendar_CalendarSystem, BUILD_TIME, substitutions are always initialized
com.oracle.svm.core.jdk.UninterruptibleEntry, BUILD_TIME, classes annotated with RawStructure are always initialized
com.oracle.svm.core.jdk.localization.substitutions.Target_java_nio_charset_Charset, BUILD_TIME, substitutions are always initialized
com.oracle.svm.core.jdk.localization.substitutions.Target_java_text_BreakIterator, BUILD_TIME, substitutions are always initialized
com.oracle.svm.core.jdk.localization.substitutions.Target_java_text_DateFormatSymbols, BUILD_TIME, substitutions are always initialized
com.oracle.svm.core.jdk.localization.substitutions.Target_java_util_ListResourceBundle_SubstituteLoadLookup, BUILD_TIME, substitutions are always initialized
com.oracle.svm.core.jdk.localization.substitutions.Target_java_util_Locale, BUILD_TIME, substitutions are always initialized
com.oracle.svm.core.jdk.localization.substitutions.Target_java_util_ResourceBundle, BUILD_TIME, substitutions are always initialized
com.oracle.svm.core.jdk.localization.substitutions.Target_java_util_ResourceBundle_Control, BUILD_TIME, substitutions are always initialized
com.oracle.svm.core.jdk.localization.substitutions.Target_sun_util_locale_provider_JRELocaleProviderAdapter, BUILD_TIME, substitutions are always initialized
com.oracle.svm.core.jdk.localization.substitutions.Target_sun_util_locale_provider_LocaleResources, BUILD_TIME, substitutions are always initialized
com.oracle.svm.core.jdk.localization.substitutions.Target_sun_util_locale_provider_LocaleServiceProviderPool_JvmLocaleMode, BUILD_TIME, substitutions are always initialized
com.oracle.svm.core.jdk.localization.substitutions.Target_sun_util_locale_provider_TimeZoneNameUtility, BUILD_TIME, substitutions are always initialized
com.oracle.svm.core.jdk.localization.substitutions.Target_sun_util_resources_Bundles, BUILD_TIME, substitutions are always initialized
com.oracle.svm.core.jdk.localization.substitutions.Target_sun_util_resources_OpenListResourceBundle_SubstituteLoadLookup, BUILD_TIME, substitutions are always initialized
com.oracle.svm.core.jdk.localization.substitutions.Target_sun_util_resources_ParallelListResourceBundle_SubstituteLoadLookup, BUILD_TIME, substitutions are always initialized
com.oracle.svm.core.jdk.management.Target_java_lang_management_ManagementFactory, BUILD_TIME, substitutions are always initialized
com.oracle.svm.core.jdk.management.Target_sun_management_ManagementFactoryHelper, BUILD_TIME, substitutions are always initialized
com.oracle.svm.core.jdk.proxy.Target_java_lang_reflect_Proxy, BUILD_TIME, substitutions are always initialized
com.oracle.svm.core.jdk.proxy.Target_jdk_internal_loader_ClassLoaderValue, BUILD_TIME, substitutions are always initialized
com.oracle.svm.core.jdk.resources.Target_jdk_nio_zipfs_ZipUtils, BUILD_TIME, substitutions are always initialized
com.oracle.svm.core.jfr.JfrBuffer, BUILD_TIME, classes annotated with RawStructure are always initialized
com.oracle.svm.core.jfr.JfrBuffers, BUILD_TIME, classes annotated with RawPointerTo are always initialized
com.oracle.svm.core.jfr.JfrNativeEventWriterData, BUILD_TIME, classes annotated with RawStructure are always initialized
com.oracle.svm.core.jfr.JfrSymbolRepository$JfrSymbol, BUILD_TIME, classes annotated with RawStructure are always initialized
com.oracle.svm.core.jfr.JfrThreadRepository$JfrVisited, BUILD_TIME, classes annotated with RawStructure are always initialized
com.oracle.svm.core.jvmstat.Target_jdk_internal_perf_Perf, BUILD_TIME, substitutions are always initialized
com.oracle.svm.core.jvmstat.Target_jdk_internal_perf_PerfCounter, BUILD_TIME, substitutions are always initialized
com.oracle.svm.core.monitor.Target_com_oracle_svm_core_monitor_MultiThreadedMonitorSupport, BUILD_TIME, substitutions are always initialized
com.oracle.svm.core.monitor.Target_java_lang_ref_ReferenceQueue_Lock, BUILD_TIME, substitutions are always initialized
com.oracle.svm.core.monitor.Target_java_util_concurrent_locks_AbstractOwnableSynchronizer, BUILD_TIME, substitutions are always initialized
com.oracle.svm.core.monitor.Target_java_util_concurrent_locks_AbstractQueuedSynchronizer, BUILD_TIME, substitutions are always initialized
com.oracle.svm.core.monitor.Target_java_util_concurrent_locks_AbstractQueuedSynchronizer_ConditionObject, BUILD_TIME, substitutions are always initialized
com.oracle.svm.core.monitor.Target_java_util_concurrent_locks_ReentrantLock, BUILD_TIME, substitutions are always initialized
com.oracle.svm.core.monitor.Target_java_util_concurrent_locks_ReentrantLock_NonfairSync, BUILD_TIME, substitutions are always initialized
com.oracle.svm.core.monitor.Target_java_util_concurrent_locks_ReentrantLock_Sync, BUILD_TIME, substitutions are always initialized
com.oracle.svm.core.option.Target_org_graalvm_compiler_options_OptionKey, BUILD_TIME, substitutions are always initialized
com.oracle.svm.core.posix.PosixUtils$Target_java_io_FileDescriptor, BUILD_TIME, substitutions are always initialized
com.oracle.svm.core.posix.PosixUtils$Target_java_lang_ProcessImpl, BUILD_TIME, substitutions are always initialized
com.oracle.svm.core.posix.Target_java_io_UnixFileSystem_JNI, BUILD_TIME, substitutions are always initialized
com.oracle.svm.core.posix.Target_java_lang_System_Posix, BUILD_TIME, substitutions are always initialized
com.oracle.svm.core.posix.Target_jdk_internal_misc_Signal, BUILD_TIME, substitutions are always initialized
com.oracle.svm.core.posix.Target_jdk_internal_misc_VM, BUILD_TIME, substitutions are always initialized
com.oracle.svm.core.posix.headers.CSunMiscSignal, BUILD_TIME, classes annotated with CContext are always initialized
com.oracle.svm.core.posix.headers.Dlfcn, BUILD_TIME, classes with CConstant annotations are always initialized and classes annotated with CContext are always initialized
com.oracle.svm.core.posix.headers.Dlfcn$Dl_info, BUILD_TIME, classes annotated with CStruct are always initialized
com.oracle.svm.core.posix.headers.Dlfcn$GNUExtensions, BUILD_TIME, classes with CConstant annotations are always initialized and classes annotated with CContext are always initialized
com.oracle.svm.core.posix.headers.Dlfcn$GNUExtensions$Lmid_tPointer, BUILD_TIME, classes annotated with CPointerTo are always initialized
com.oracle.svm.core.posix.headers.Errno, BUILD_TIME, classes with CConstant annotations are always initialized and classes annotated with CContext are always initialized
com.oracle.svm.core.posix.headers.Fcntl, BUILD_TIME, classes with CConstant annotations are always initialized and classes annotated with CContext are always initialized
com.oracle.svm.core.posix.headers.Limits, BUILD_TIME, classes with CConstant annotations are always initialized and classes annotated with CContext are always initialized
com.oracle.svm.core.posix.headers.Locale, BUILD_TIME, classes with CConstant annotations are always initialized and classes annotated with CContext are always initialized
com.oracle.svm.core.posix.headers.Mman, BUILD_TIME, classes with CConstant annotations are always initialized and classes annotated with CContext are always initialized
com.oracle.svm.core.posix.headers.PosixDirectives, BUILD_TIME, CContext.Directives must be eagerly initialized
com.oracle.svm.core.posix.headers.Pthread, BUILD_TIME, classes with CConstant annotations are always initialized and classes annotated with CContext are always initialized
com.oracle.svm.core.posix.headers.Pthread$pthread_attr_t, BUILD_TIME, classes annotated with CStruct are always initialized
com.oracle.svm.core.posix.headers.Pthread$pthread_cond_t, BUILD_TIME, classes annotated with CStruct are always initialized
com.oracle.svm.core.posix.headers.Pthread$pthread_condattr_t, BUILD_TIME, classes annotated with CStruct are always initialized
com.oracle.svm.core.posix.headers.Pthread$pthread_mutex_t, BUILD_TIME, classes annotated with CStruct are always initialized
com.oracle.svm.core.posix.headers.Pthread$pthread_tPointer, BUILD_TIME, classes annotated with CPointerTo are always initialized
com.oracle.svm.core.posix.headers.Pwd, BUILD_TIME, classes annotated with CContext are always initialized
com.oracle.svm.core.posix.headers.Pwd$passwd, BUILD_TIME, classes annotated with CStruct are always initialized
com.oracle.svm.core.posix.headers.Resource, BUILD_TIME, classes with CConstant annotations are always initialized and classes annotated with CContext are always initialized
com.oracle.svm.core.posix.headers.Resource$rlimit, BUILD_TIME, classes annotated with CStruct are always initialized
com.oracle.svm.core.posix.headers.Sched, BUILD_TIME, classes annotated with CContext are always initialized
com.oracle.svm.core.posix.headers.Signal, BUILD_TIME, classes with CConstant annotations are always initialized and classes annotated with CContext are always initialized
com.oracle.svm.core.posix.headers.Signal$GregEnumLinuxAMD64, BUILD_TIME, classes with CConstant annotations are always initialized and classes annotated with CContext are always initialized
com.oracle.svm.core.posix.headers.Signal$GregsPointer, BUILD_TIME, classes annotated with CPointerTo are always initialized
com.oracle.svm.core.posix.headers.Signal$LinuxSignalEnum, BUILD_TIME, classes annotated with CEnum are always initialized and classes annotated with CContext are always initialized
com.oracle.svm.core.posix.headers.Signal$SignalEnum, BUILD_TIME, classes annotated with CEnum are always initialized and classes annotated with CContext are always initialized
com.oracle.svm.core.posix.headers.Signal$sigaction, BUILD_TIME, classes annotated with CStruct are always initialized
com.oracle.svm.core.posix.headers.Signal$siginfo_t, BUILD_TIME, classes annotated with CStruct are always initialized
com.oracle.svm.core.posix.headers.Signal$sigset_tPointer, BUILD_TIME, classes annotated with CPointerTo are always initialized
com.oracle.svm.core.posix.headers.Signal$ucontext_t, BUILD_TIME, classes annotated with CStruct are always initialized
com.oracle.svm.core.posix.headers.Stdlib, BUILD_TIME, classes annotated with CContext are always initialized
com.oracle.svm.core.posix.headers.Sysctl, BUILD_TIME, classes annotated with CContext are always initialized
com.oracle.svm.core.posix.headers.Time, BUILD_TIME, super type of com.oracle.svm.core.posix.headers.linux.LinuxTime and classes annotated with CContext are always initialized
com.oracle.svm.core.posix.headers.Time$timespec, BUILD_TIME, classes annotated with CStruct are always initialized
com.oracle.svm.core.posix.headers.Time$timeval, BUILD_TIME, classes annotated with CStruct are always initialized
com.oracle.svm.core.posix.headers.Times, BUILD_TIME, classes annotated with CContext are always initialized
com.oracle.svm.core.posix.headers.Times$tms, BUILD_TIME, classes annotated with CStruct are always initialized
com.oracle.svm.core.posix.headers.Unistd, BUILD_TIME, classes with CConstant annotations are always initialized and classes annotated with CContext are always initialized
com.oracle.svm.core.posix.headers.Utsname, BUILD_TIME, classes annotated with CContext are always initialized
com.oracle.svm.core.posix.headers.Utsname$utsname, BUILD_TIME, classes annotated with CStruct are always initialized
com.oracle.svm.core.posix.headers.Wait, BUILD_TIME, classes annotated with CContext are always initialized
com.oracle.svm.core.posix.headers.linux.LinuxPthread, BUILD_TIME, classes annotated with CContext are always initialized
com.oracle.svm.core.posix.headers.linux.LinuxStat, BUILD_TIME, classes annotated with CContext are always initialized
com.oracle.svm.core.posix.headers.linux.LinuxStat$stat64, BUILD_TIME, classes annotated with CStruct are always initialized
com.oracle.svm.core.posix.headers.linux.LinuxTime, BUILD_TIME, classes with CConstant annotations are always initialized and classes annotated with CContext are always initialized
com.oracle.svm.core.posix.linux.Target_java_lang_System_Linux, BUILD_TIME, substitutions are always initialized
com.oracle.svm.core.posix.thread.Target_java_lang_Thread, BUILD_TIME, substitutions are always initialized
com.oracle.svm.core.reflect.Target_jdk_internal_reflect_ConstantPool, BUILD_TIME, substitutions are always initialized
com.oracle.svm.core.reflect.Target_jdk_internal_reflect_ConstantPool_Tag, BUILD_TIME, substitutions are always initialized
com.oracle.svm.core.stack.JavaFrameAnchor, BUILD_TIME, classes annotated with RawStructure are always initialized
com.oracle.svm.core.stack.JavaStackWalk, BUILD_TIME, classes annotated with RawStructure are always initialized
com.oracle.svm.core.thread.NativeVMOperationData, BUILD_TIME, classes annotated with RawStructure are always initialized
com.oracle.svm.core.thread.PlatformThreads$ThreadStartData, BUILD_TIME, classes annotated with RawStructure are always initialized
com.oracle.svm.core.thread.Target_java_lang_Thread, BUILD_TIME, substitutions are always initialized
com.oracle.svm.core.thread.Target_java_lang_ThreadGroup, BUILD_TIME, substitutions are always initialized
com.oracle.svm.core.thread.Target_java_lang_ThreadLocal, BUILD_TIME, substitutions are always initialized
com.oracle.svm.core.thread.Target_java_lang_ThreadLocal_ThreadLocalMap, BUILD_TIME, substitutions are always initialized
com.oracle.svm.core.thread.Target_java_util_concurrent_ForkJoinWorkerThread, BUILD_TIME, substitutions are always initialized
com.oracle.svm.core.thread.Target_java_util_concurrent_ThreadPoolExecutor_Worker, BUILD_TIME, substitutions are always initialized
com.oracle.svm.core.thread.Target_jdk_internal_misc_Unsafe_JavaThreads, BUILD_TIME, substitutions are always initialized
com.oracle.svm.core.thread.Target_sun_nio_ch_Interruptible, BUILD_TIME, substitutions are always initialized
com.oracle.svm.core.util.Target_com_oracle_svm_core_util_Counter, BUILD_TIME, substitutions are always initialized
com.oracle.svm.graal.Target_org_graalvm_compiler_printer_NoDeadCodeVerifyHandler, BUILD_TIME, substitutions are always initialized
com.oracle.svm.graal.isolated.CodeInstallInfo, BUILD_TIME, classes annotated with RawStructure are always initialized
com.oracle.svm.graal.isolated.ConstantData, BUILD_TIME, classes annotated with RawStructure are always initialized
com.oracle.svm.graal.isolated.ForeignIsolateReferenceAdjusterData, BUILD_TIME, classes annotated with RawStructure are always initialized
com.oracle.svm.graal.meta.Target_java_lang_Integer_IntegerCache, BUILD_TIME, substitutions are always initialized
com.oracle.svm.hosted.c.BuiltinDirectives, BUILD_TIME, CContext.Directives must be eagerly initialized
com.oracle.svm.hosted.c.DirectivesExtension, BUILD_TIME, super type of com.oracle.svm.hosted.c.BuiltinDirectives
com.oracle.svm.jni.functions.JNIFunctions$Target_java_nio_Buffer, BUILD_TIME, substitutions are always initialized
com.oracle.svm.jni.nativeapi.JNIArrayReleaseModes, BUILD_TIME, classes with CConstant annotations are always initialized and classes annotated with CContext are always initialized
com.oracle.svm.jni.nativeapi.JNIEnvironment, BUILD_TIME, classes annotated with CStruct are always initialized and classes annotated with CContext are always initialized
com.oracle.svm.jni.nativeapi.JNIEnvironmentPointer, BUILD_TIME, classes annotated with CPointerTo are always initialized
com.oracle.svm.jni.nativeapi.JNIErrors, BUILD_TIME, classes with CConstant annotations are always initialized and classes annotated with CContext are always initialized
com.oracle.svm.jni.nativeapi.JNIFieldId, BUILD_TIME, classes annotated with CStruct are always initialized and classes annotated with CContext are always initialized
com.oracle.svm.jni.nativeapi.JNIHeaderDirectives, BUILD_TIME, CContext.Directives must be eagerly initialized
com.oracle.svm.jni.nativeapi.JNIInvokeInterface, BUILD_TIME, classes annotated with CStruct are always initialized and classes annotated with CContext are always initialized
com.oracle.svm.jni.nativeapi.JNIJavaVM, BUILD_TIME, classes annotated with CStruct are always initialized and classes annotated with CContext are always initialized
com.oracle.svm.jni.nativeapi.JNIJavaVMAttachArgs, BUILD_TIME, classes annotated with CStruct are always initialized and classes annotated with CContext are always initialized
com.oracle.svm.jni.nativeapi.JNIJavaVMInitArgs, BUILD_TIME, classes annotated with CStruct are always initialized and classes annotated with CContext are always initialized
com.oracle.svm.jni.nativeapi.JNIJavaVMOption, BUILD_TIME, classes annotated with CStruct are always initialized and classes annotated with CContext are always initialized
com.oracle.svm.jni.nativeapi.JNIJavaVMPointer, BUILD_TIME, classes annotated with CPointerTo are always initialized
com.oracle.svm.jni.nativeapi.JNIMethodId, BUILD_TIME, classes annotated with CStruct are always initialized and classes annotated with CContext are always initialized
com.oracle.svm.jni.nativeapi.JNINativeInterface, BUILD_TIME, classes annotated with CStruct are always initialized and classes annotated with CContext are always initialized
com.oracle.svm.jni.nativeapi.JNINativeMethod, BUILD_TIME, classes annotated with CStruct are always initialized and classes annotated with CContext are always initialized
com.oracle.svm.jni.nativeapi.JNIObjectRefType, BUILD_TIME, classes annotated with CEnum are always initialized and classes annotated with CContext are always initialized
com.oracle.svm.jni.nativeapi.JNIValue, BUILD_TIME, classes annotated with CStruct are always initialized and classes annotated with CContext are always initialized
com.oracle.svm.jni.nativeapi.JNIVersion, BUILD_TIME, classes with CConstant annotations are always initialized and classes annotated with CContext are always initialized
com.oracle.svm.methodhandles.Target_java_lang_invoke_BoundMethodHandle, BUILD_TIME, substitutions are always initialized
com.oracle.svm.methodhandles.Target_java_lang_invoke_BoundMethodHandle_Specializer, BUILD_TIME, substitutions are always initialized
com.oracle.svm.methodhandles.Target_java_lang_invoke_BoundMethodHandle_SpeciesData, BUILD_TIME, substitutions are always initialized
com.oracle.svm.methodhandles.Target_java_lang_invoke_BoundMethodHandle_Species_L, BUILD_TIME, substitutions are always initialized
com.oracle.svm.methodhandles.Target_java_lang_invoke_ClassSpecializer, BUILD_TIME, substitutions are always initialized
com.oracle.svm.methodhandles.Target_java_lang_invoke_ClassSpecializer_Factory, BUILD_TIME, substitutions are always initialized
com.oracle.svm.methodhandles.Target_java_lang_invoke_ClassSpecializer_SpeciesData, BUILD_TIME, substitutions are always initialized
com.oracle.svm.methodhandles.Target_java_lang_invoke_InvokerBytecodeGenerator, BUILD_TIME, substitutions are always initialized
com.oracle.svm.methodhandles.Target_java_lang_invoke_Invokers, BUILD_TIME, substitutions are always initialized
com.oracle.svm.methodhandles.Target_java_lang_invoke_LambdaForm, BUILD_TIME, substitutions are always initialized
com.oracle.svm.methodhandles.Target_java_lang_invoke_LambdaForm_NamedFunction, BUILD_TIME, substitutions are always initialized
com.oracle.svm.methodhandles.Target_java_lang_invoke_MethodHandle, BUILD_TIME, substitutions are always initialized
com.oracle.svm.methodhandles.Target_java_lang_invoke_MethodHandleImpl, BUILD_TIME, substitutions are always initialized
com.oracle.svm.methodhandles.Target_java_lang_invoke_MethodHandleImpl_ArrayAccessor, BUILD_TIME, substitutions are always initialized
com.oracle.svm.methodhandles.Target_java_lang_invoke_MethodHandleImpl_IntrinsicMethodHandle, BUILD_TIME, substitutions are always initialized
com.oracle.svm.methodhandles.Target_java_lang_invoke_MethodHandleNatives, BUILD_TIME, substitutions are always initialized
com.oracle.svm.methodhandles.Target_java_lang_invoke_MethodHandleNatives_CallSiteContext, BUILD_TIME, substitutions are always initialized
com.oracle.svm.methodhandles.Target_java_lang_invoke_MethodHandleNatives_Constants, BUILD_TIME, substitutions are always initialized
com.oracle.svm.methodhandles.Target_java_lang_invoke_MethodHandleStatics, BUILD_TIME, substitutions are always initialized
com.oracle.svm.methodhandles.Target_java_lang_invoke_MethodHandles_Lookup, BUILD_TIME, substitutions are always initialized
com.oracle.svm.methodhandles.Target_java_lang_invoke_MethodType, BUILD_TIME, substitutions are always initialized
com.oracle.svm.methodhandles.Target_java_lang_invoke_MethodTypeForm, BUILD_TIME, substitutions are always initialized
com.oracle.svm.methodhandles.Target_java_lang_invoke_MethodType_ConcurrentWeakInternSet, BUILD_TIME, substitutions are always initialized
com.oracle.svm.methodhandles.Target_java_lang_invoke_SimpleMethodHandle, BUILD_TIME, substitutions are always initialized
com.oracle.svm.reflect.target.Target_java_lang_reflect_AccessibleObject, BUILD_TIME, substitutions are always initialized
com.oracle.svm.reflect.target.Target_java_lang_reflect_Constructor, BUILD_TIME, substitutions are always initialized
com.oracle.svm.reflect.target.Target_java_lang_reflect_Executable, BUILD_TIME, substitutions are always initialized
com.oracle.svm.reflect.target.Target_java_lang_reflect_Field, BUILD_TIME, substitutions are always initialized
com.oracle.svm.reflect.target.Target_java_lang_reflect_Method, BUILD_TIME, substitutions are always initialized
com.oracle.svm.reflect.target.Target_java_lang_reflect_Parameter, BUILD_TIME, substitutions are always initialized
com.oracle.svm.reflect.target.Target_java_lang_reflect_ReflectAccess, BUILD_TIME, substitutions are always initialized
com.oracle.svm.reflect.target.Target_jdk_internal_misc_Unsafe_Reflection, BUILD_TIME, substitutions are always initialized
com.oracle.svm.reflect.target.Target_jdk_internal_reflect_AccessorGenerator, BUILD_TIME, substitutions are always initialized
com.oracle.svm.reflect.target.Target_jdk_internal_reflect_ConstructorAccessor, BUILD_TIME, substitutions are always initialized
com.oracle.svm.reflect.target.Target_jdk_internal_reflect_FieldAccessor, BUILD_TIME, substitutions are always initialized
com.oracle.svm.reflect.target.Target_jdk_internal_reflect_MethodAccessor, BUILD_TIME, substitutions are always initialized
com.oracle.svm.reflect.target.Target_jdk_internal_reflect_MethodAccessorGenerator, BUILD_TIME, substitutions are always initialized
com.oracle.svm.reflect.target.Target_jdk_internal_reflect_SerializationConstructorAccessorImpl, BUILD_TIME, substitutions are always initialized
com.oracle.svm.reflect.target.Target_sun_reflect_annotation_AnnotationInvocationHandler, BUILD_TIME, substitutions are always initialized
com.oracle.svm.reflect.target.Target_sun_reflect_annotation_AnnotationParser, BUILD_TIME, substitutions are always initialized
com.oracle.svm.reflect.target.Target_sun_reflect_annotation_AnnotationTypeMismatchExceptionProxy, BUILD_TIME, substitutions are always initialized
com.oracle.svm.truffle.isolated.IsolatedCompilationResultData, BUILD_TIME, classes annotated with RawStructure are always initialized
com.sun.crypto.provider, BUILD_TIME, Core JDK classes are initialized at build time
com.sun.crypto.provider.SunJCE$SecureRandomHolder, RERUN, for substitutions
com.sun.java.util.jar.pack, BUILD_TIME, Core JDK classes are initialized at build time
com.sun.jmx.mbeanserver.DefaultMXBeanMappingFactory, BUILD_TIME, from feature com.oracle.svm.core.jdk.management.ManagementFeature.duringSetup with 'com.sun.jmx.mbeanserver.DefaultMXBeanMappingFactory'
com.sun.jmx.mbeanserver.MXBeanMappingFactory, BUILD_TIME, super type of com.sun.jmx.mbeanserver.DefaultMXBeanMappingFactory
com.sun.jndi.dns.DnsClient, RERUN, Contains Random references, therefore can't be included in the image heap.
com.sun.jndi.ldap.ServiceLocator, RERUN, Contains Random references, therefore can't be included in the image heap.
com.sun.management, BUILD_TIME, Core JDK classes are initialized at build time
com.sun.naming.internal, BUILD_TIME, Core JDK classes are initialized at build time
com.sun.naming.internal.ResourceManager$AppletParameter, RUN_TIME, Initializes AWT
com.sun.net.ssl, BUILD_TIME, Core JDK classes are initialized at build time
com.sun.nio.file, BUILD_TIME, Core JDK classes are initialized at build time
com.sun.nio.sctp, BUILD_TIME, Core JDK classes are initialized at build time
com.sun.nio.zipfs, BUILD_TIME, Core JDK classes are initialized at build time
com.sun.security.auth, BUILD_TIME, Core JDK classes are initialized at build time
com.sun.security.cert.internal.x509, BUILD_TIME, Core JDK classes are initialized at build time
com.sun.security.jgss, BUILD_TIME, Core JDK classes are initialized at build time for better performance
com.sun.security.ntlm, BUILD_TIME, Core JDK classes are initialized at build time
com.sun.security.sasl, BUILD_TIME, Core JDK classes are initialized at build time
double, BUILD_TIME, primitive types are initialized at build time
float, BUILD_TIME, primitive types are initialized at build time
graphmosphere, BUILD_TIME, from feature InitAtBuildTimeFeature.duringSetup with 'graphmosphere'
int, BUILD_TIME, primitive types are initialized at build time
int[], BUILD_TIME, arrays are initialized at build time
java.awt.font.NumericShaper, BUILD_TIME, Required for sun.text.bidi.BidiBase.NumericShapings
java.awt.font.TextAttribute, BUILD_TIME, Required for sun.text.bidi.BidiBase.NumericShapings
java.io, BUILD_TIME, Core JDK classes are initialized at build time
java.io.DeleteOnExitHook, RERUN, for JDK native code support via JNI
java.io.File$TempDirectory, RERUN, for JDK native code support via JNI
java.io.FilePermission, RERUN, for JDK native code support via JNI
java.io.RandomAccessFile, RERUN, for JDK native code support via JNI
java.io.Serializable[], BUILD_TIME, arrays are initialized at build time
java.lang, BUILD_TIME, super type of clojure.lang.AFn
java.lang.ApplicationShutdownHooks, RERUN, for JDK native code support via JNI
java.lang.Byte[], BUILD_TIME, arrays are initialized at build time
java.lang.CharSequence[], BUILD_TIME, arrays are initialized at build time
java.lang.Character[], BUILD_TIME, arrays are initialized at build time
java.lang.Cloneable[], BUILD_TIME, arrays are initialized at build time
java.lang.Comparable[], BUILD_TIME, arrays are initialized at build time
java.lang.Enum, BUILD_TIME, super type of com.oracle.svm.jni.nativeapi.JNIObjectRefType and super type of com.oracle.svm.core.posix.headers.Signal$SignalEnum and super type of com.oracle.svm.core.posix.headers.Signal$LinuxSignalEnum and super type of com.oracle.svm.core.hub.HubType and super type of jdk.vm.ci.meta.JavaKind and super type of jdk.vm.ci.meta.DeoptimizationReason and super type of com.oracle.svm.core.classinitialization.ClassInitializationInfo$InitState and super type of org.graalvm.compiler.nodes.extended.MembarNode$FenceKind and super type of jdk.vm.ci.amd64.AMD64Kind and super type of jdk.vm.ci.meta.DeoptimizationAction
java.lang.Exception, BUILD_TIME, super type of org.ietf.jgss.GSSException
java.lang.Integer[], BUILD_TIME, arrays are initialized at build time
java.lang.Long[], BUILD_TIME, arrays are initialized at build time
java.lang.Math$RandomNumberGeneratorHolder, RERUN, Contains random seeds
java.lang.Number[], BUILD_TIME, arrays are initialized at build time
java.lang.Object, BUILD_TIME, super type of clojure.lang.AFn and super type of org.apache.http.conn.ssl.AbstractVerifier and super type of org.apache.http.conn.ssl.SSLConnectionSocketFactory and super type of org.apache.commons.logging.LogFactory and super type of org.apache.commons.logging.impl.Jdk14Logger and super type of sun.security.util.UntrustedCertificates and super type of java.util.Dictionary and super type of java.text.AttributedCharacterIterator$Attribute and super type of java.awt.font.NumericShaper and super type of java.lang.Throwable and others
java.lang.Object[], BUILD_TIME, arrays are initialized at build time
java.lang.ProcessEnvironment, RERUN, for JDK native code support via JNI
java.lang.ProcessHandleImpl, RERUN, for JDK native code support via JNI
java.lang.ProcessHandleImpl$Info, RERUN, for JDK native code support via JNI
java.lang.ProcessImpl, RERUN, for JDK native code support via JNI
java.lang.Short[], BUILD_TIME, arrays are initialized at build time
java.lang.StrictMath$RandomNumberGeneratorHolder, RERUN, Contains random seeds
java.lang.String[], BUILD_TIME, arrays are initialized at build time
java.lang.Terminator, RERUN, for JDK native code support via JNI
java.lang.Throwable, BUILD_TIME, super type of java.lang.Exception
java.lang.reflect.AnnotatedElement, BUILD_TIME, super type of com.oracle.svm.core.hub.DynamicHub and super type of java.lang.reflect.GenericDeclaration
java.lang.reflect.Type, BUILD_TIME, super type of com.oracle.svm.core.hub.DynamicHub
java.math, BUILD_TIME, Core JDK classes are initialized at build time
java.net, BUILD_TIME, Core JDK classes are initialized at build time
java.net.AbstractPlainDatagramSocketImpl, RERUN, for JDK native code support via JNI
java.net.AbstractPlainSocketImpl, RERUN, for JDK native code support via JNI
java.net.DatagramPacket, RERUN, for JDK native code support via JNI
java.net.DefaultDatagramSocketImplFactory, RERUN, for JDK native code support via JNI
java.net.InetAddress, RERUN, for JDK native code support via JNI
java.net.NetworkInterface, RERUN, for JDK native code support via JNI
java.net.PlainDatagramSocketImpl, RERUN, for JDK native code support via JNI
java.net.PlainSocketImpl, RERUN, for JDK native code support via JNI
java.net.SocketInputStream, RERUN, for JDK native code support via JNI
java.net.SocketOutputStream, RERUN, for JDK native code support via JNI
java.nio, BUILD_TIME, Core JDK classes are initialized at build time
java.nio.file.Files$FileTypeDetectors, RERUN, for JDK native code support via JNI
java.nio.file.TempFileHelper, RERUN, for JDK native code support via JNI
java.security, BUILD_TIME, super type of org.jcp.xml.dsig.internal.dom.XMLDSigRI
java.security.Provider, BUILD_TIME, super type of org.jcp.xml.dsig.internal.dom.XMLDSigRI
java.text, BUILD_TIME, Core JDK classes are initialized at build time
java.text.AttributedCharacterIterator$Attribute, BUILD_TIME, super type of java.awt.font.TextAttribute
java.time, BUILD_TIME, Core JDK classes are initialized at build time
java.util, BUILD_TIME, super type of clojure.lang.AFunction
java.util.Comparator, BUILD_TIME, super type of clojure.lang.AFunction
java.util.Dictionary, BUILD_TIME, super type of java.util.Hashtable
java.util.Hashtable, BUILD_TIME, super type of java.util.Properties
java.util.Map, BUILD_TIME, super type of java.util.Hashtable
java.util.Properties, BUILD_TIME, super type of java.security.Provider
java.util.UUID$Holder, RERUN, for substitutions
java.util.concurrent.ForkJoinWorkerThread$InnocuousForkJoinWorkerThread, RERUN, innocuousThreadGroup must be initialized at run time
java.util.prefs.FileSystemPreferences, RERUN, for JDK native code support via JNI
java.util.zip.Adler32, RERUN, for JDK native code support via JNI
java.util.zip.CRC32, RERUN, for JDK native code support via JNI
java.util.zip.Deflater, RERUN, for JDK native code support via JNI
java.util.zip.Inflater, RERUN, for JDK native code support via JNI
javax.annotation.processing, BUILD_TIME, Core JDK classes are initialized at build time
javax.crypto, BUILD_TIME, Core JDK classes are initialized at build time
javax.lang.model, BUILD_TIME, Core JDK classes are initialized at build time
javax.management, BUILD_TIME, Core JDK classes are initialized at build time
javax.naming, BUILD_TIME, Core JDK classes are initialized at build time
javax.net, BUILD_TIME, Core JDK classes are initialized at build time
javax.net.ssl.SSLContext, RERUN, for JDK native code support via JNI
javax.security.auth, BUILD_TIME, Core JDK classes are initialized at build time
javax.security.cert, BUILD_TIME, Core JDK classes are initialized at build time
javax.security.sasl, BUILD_TIME, Core JDK classes are initialized at build time
javax.tools, BUILD_TIME, Core JDK classes are initialized at build time
jdk.internal, BUILD_TIME, Core JDK classes are initialized at build time
jdk.internal.misc.InnocuousThread, RERUN, Contains a thread group INNOCUOUSTHREADGROUP.
jdk.internal.net.http, RUN_TIME, for reading properties at run time
jdk.internal.net.http.websocket.OpeningHandshake, RERUN, contains a SecureRandom reference
jdk.jfr, BUILD_TIME, Needed for Native Image substitutions
jdk.net, BUILD_TIME, Core JDK classes are initialized at build time
jdk.net.ExtendedSocketOptions, RERUN, for JDK native code support via JNI
jdk.net.ExtendedSocketOptions$PlatformSocketOptions, RERUN, for JDK native code support via JNI
jdk.nio, BUILD_TIME, Core JDK classes are initialized at build time
jdk.vm.ci, BUILD_TIME, Native Image classes are always initialized at build time
jdk.vm.ci.amd64.AMD64Kind, BUILD_TIME, enums referred in annotations must be initialized
jdk.vm.ci.meta.DeoptimizationAction, BUILD_TIME, enums referred in annotations must be initialized
jdk.vm.ci.meta.DeoptimizationReason, BUILD_TIME, enums referred in annotations must be initialized
jdk.vm.ci.meta.JavaKind, BUILD_TIME, enums referred in annotations must be initialized
long, BUILD_TIME, primitive types are initialized at build time
long[], BUILD_TIME, arrays are initialized at build time
org.apache.commons.logging.LogFactory, BUILD_TIME, from 'META-INF/native-image/clj-http/clj-http/native-image.properties' in 'file:///home/delboni/Workspaces/clj/graphmosphere/target/graphmosphere-0.1.0-SNAPSHOT.jar' with 'org.apache.commons.logging.LogFactory' and super type of org.apache.commons.logging.impl.LogFactoryImpl
org.apache.commons.logging.impl.Jdk14Logger, BUILD_TIME, from 'META-INF/native-image/clj-http/clj-http/native-image.properties' in 'file:///home/delboni/Workspaces/clj/graphmosphere/target/graphmosphere-0.1.0-SNAPSHOT.jar' with 'org.apache.commons.logging.impl.Jdk14Logger'
org.apache.commons.logging.impl.LogFactoryImpl, BUILD_TIME, from 'META-INF/native-image/clj-http/clj-http/native-image.properties' in 'file:///home/delboni/Workspaces/clj/graphmosphere/target/graphmosphere-0.1.0-SNAPSHOT.jar' with 'org.apache.commons.logging.impl.LogFactoryImpl'
org.apache.http.conn.ssl.AbstractVerifier, BUILD_TIME, super type of org.apache.http.conn.ssl.AllowAllHostnameVerifier and super type of org.apache.http.conn.ssl.StrictHostnameVerifier and super type of org.apache.http.conn.ssl.BrowserCompatHostnameVerifier
org.apache.http.conn.ssl.AllowAllHostnameVerifier, BUILD_TIME, from 'META-INF/native-image/clj-http/clj-http/native-image.properties' in 'file:///home/delboni/Workspaces/clj/graphmosphere/target/graphmosphere-0.1.0-SNAPSHOT.jar' with 'org.apache.http.conn.ssl.AllowAllHostnameVerifier'
org.apache.http.conn.ssl.BrowserCompatHostnameVerifier, BUILD_TIME, from 'META-INF/native-image/clj-http/clj-http/native-image.properties' in 'file:///home/delboni/Workspaces/clj/graphmosphere/target/graphmosphere-0.1.0-SNAPSHOT.jar' with 'org.apache.http.conn.ssl.BrowserCompatHostnameVerifier'
org.apache.http.conn.ssl.SSLConnectionSocketFactory, BUILD_TIME, from 'META-INF/native-image/clj-http/clj-http/native-image.properties' in 'file:///home/delboni/Workspaces/clj/graphmosphere/target/graphmosphere-0.1.0-SNAPSHOT.jar' with 'org.apache.http.conn.ssl.SSLConnectionSocketFactory'
org.apache.http.conn.ssl.StrictHostnameVerifier, BUILD_TIME, from 'META-INF/native-image/clj-http/clj-http/native-image.properties' in 'file:///home/delboni/Workspaces/clj/graphmosphere/target/graphmosphere-0.1.0-SNAPSHOT.jar' with 'org.apache.http.conn.ssl.StrictHostnameVerifier'
org.graalvm.collections, BUILD_TIME, Native Image classes are always initialized at build time
org.graalvm.compiler, BUILD_TIME, Native Image classes are always initialized at build time
org.graalvm.compiler.nodes.extended.MembarNode$FenceKind, BUILD_TIME, enums referred in annotations must be initialized
org.graalvm.home, BUILD_TIME, Native Image classes are always initialized at build time
org.graalvm.jniutils.JNI$JNIEnv, BUILD_TIME, classes annotated with CStruct are always initialized and classes annotated with CContext are always initialized
org.graalvm.jniutils.JNI$JNIEnvPointer, BUILD_TIME, classes annotated with CPointerTo are always initialized
org.graalvm.jniutils.JNI$JNIHeaderDirectives, BUILD_TIME, CContext.Directives must be eagerly initialized
org.graalvm.jniutils.JNI$JNIInvokeInterface, BUILD_TIME, classes annotated with CStruct are always initialized and classes annotated with CContext are always initialized
org.graalvm.jniutils.JNI$JNINativeInterface, BUILD_TIME, classes annotated with CStruct are always initialized and classes annotated with CContext are always initialized
org.graalvm.jniutils.JNI$JValue, BUILD_TIME, classes annotated with CStruct are always initialized and classes annotated with CContext are always initialized
org.graalvm.jniutils.JNI$JavaVM, BUILD_TIME, classes annotated with CStruct are always initialized and classes annotated with CContext are always initialized
org.graalvm.jniutils.JNI$JavaVMAttachArgs, BUILD_TIME, classes annotated with CStruct are always initialized and classes annotated with CContext are always initialized
org.graalvm.jniutils.JNI$JavaVMPointer, BUILD_TIME, classes annotated with CPointerTo are always initialized
org.graalvm.nativeimage, BUILD_TIME, Native Image classes are always initialized at build time
org.graalvm.nativeimage.Isolate, BUILD_TIME, classes annotated with CStruct are always initialized
org.graalvm.nativeimage.IsolateThread, BUILD_TIME, classes annotated with CStruct are always initialized
org.graalvm.nativeimage.c.CContext$Directives, BUILD_TIME, super type of com.oracle.svm.core.graal.llvm.util.LLVMDirectives and super type of com.oracle.svm.jni.nativeapi.JNIHeaderDirectives and super type of com.oracle.svm.core.posix.headers.PosixDirectives and super type of com.oracle.svm.hosted.c.DirectivesExtension and super type of org.graalvm.jniutils.JNI$JNIHeaderDirectives and super type of com.oracle.svm.core.amd64.AMD64LibCHelperDirectives and super type of com.oracle.svm.core.aarch64.AArch64LibCHelperDirectives
org.graalvm.nativeimage.c.function.CFunctionPointer[], BUILD_TIME, arrays are initialized at build time
org.graalvm.nativeimage.c.function.CodePointer[], BUILD_TIME, arrays are initialized at build time
org.graalvm.nativeimage.c.function.RelocatedPointer[], BUILD_TIME, arrays are initialized at build time
org.graalvm.nativeimage.c.type.CCharPointer, BUILD_TIME, classes annotated with CPointerTo are always initialized
org.graalvm.nativeimage.c.type.CCharPointerPointer, BUILD_TIME, classes annotated with CPointerTo are always initialized
org.graalvm.nativeimage.c.type.CDoublePointer, BUILD_TIME, classes annotated with CPointerTo are always initialized
org.graalvm.nativeimage.c.type.CFloatPointer, BUILD_TIME, classes annotated with CPointerTo are always initialized
org.graalvm.nativeimage.c.type.CIntPointer, BUILD_TIME, classes annotated with CPointerTo are always initialized
org.graalvm.nativeimage.c.type.CIntPointerPointer, BUILD_TIME, classes annotated with CPointerTo are always initialized
org.graalvm.nativeimage.c.type.CLongPointer, BUILD_TIME, classes annotated with CPointerTo are always initialized
org.graalvm.nativeimage.c.type.CShortPointer, BUILD_TIME, classes annotated with CPointerTo are always initialized
org.graalvm.nativeimage.c.type.VoidPointer, BUILD_TIME, classes annotated with CPointerTo are always initialized
org.graalvm.nativeimage.c.type.WordPointer, BUILD_TIME, classes annotated with CPointerTo are always initialized
org.graalvm.options, BUILD_TIME, Native Image classes are always initialized at build time
org.graalvm.polyglot, BUILD_TIME, Native Image classes are always initialized at build time
org.graalvm.util, BUILD_TIME, Native Image classes are always initialized at build time
org.graalvm.word, BUILD_TIME, Native Image classes are always initialized at build time
org.graalvm.word.ComparableWord[], BUILD_TIME, arrays are initialized at build time
org.graalvm.word.PointerBase[], BUILD_TIME, arrays are initialized at build time
org.graalvm.word.WordBase[], BUILD_TIME, arrays are initialized at build time
org.ietf.jgss.GSSException, BUILD_TIME, Core JDK classes are initialized at build time
org.ietf.jgss.GSSName, BUILD_TIME, Core JDK classes are initialized at build time
org.jcp.xml.dsig.internal.dom.XMLDSigRI, BUILD_TIME, Required for TrustStoreManager
potemkin, BUILD_TIME, from 'META-INF/native-image/clj-http/clj-http/native-image.properties' in 'file:///home/delboni/Workspaces/clj/graphmosphere/target/graphmosphere-0.1.0-SNAPSHOT.jar' with 'potemkin' and from feature InitAtBuildTimeFeature.duringSetup with 'potemkin'
riddley, BUILD_TIME, from 'META-INF/native-image/clj-http/clj-http/native-image.properties' in 'file:///home/delboni/Workspaces/clj/graphmosphere/target/graphmosphere-0.1.0-SNAPSHOT.jar' with 'riddley' and from feature InitAtBuildTimeFeature.duringSetup with 'riddley'
short, BUILD_TIME, primitive types are initialized at build time
slingshot, BUILD_TIME, from 'META-INF/native-image/clj-http/clj-http/native-image.properties' in 'file:///home/delboni/Workspaces/clj/graphmosphere/target/graphmosphere-0.1.0-SNAPSHOT.jar' with 'slingshot' and from feature InitAtBuildTimeFeature.duringSetup with 'slingshot'
sun.invoke, BUILD_TIME, Core JDK classes are initialized at build time
sun.launcher, BUILD_TIME, Core JDK classes are initialized at build time
sun.management, BUILD_TIME, Core JDK classes are initialized at build time
sun.misc, BUILD_TIME, Core JDK classes are initialized at build time
sun.net, BUILD_TIME, Core JDK classes are initialized at build time
sun.net.PortConfig, RERUN, Calls PortConfig.getLower0() and PortConfig.getUpper0()
sun.net.ext.ExtendedSocketOptions, RERUN, for JDK native code support via JNI
sun.net.www.protocol.http.DigestAuthentication$Parameters, RERUN, Contains Random references, therefore can't be included in the image heap.
sun.net.www.protocol.jar.JarFileFactory, RERUN, for JDK native code support via JNI
sun.net.www.protocol.jar.JarURLConnection, RERUN, for JDK native code support via JNI
sun.nio, BUILD_TIME, Core JDK classes are initialized at build time
sun.nio.ch.DatagramChannelImpl, RERUN, for JDK native code support via JNI
sun.nio.ch.DevPollArrayWrapper, RERUN, Calls IOUtil.fdLimit()
sun.nio.ch.EPoll, RERUN, Calls EPoll.eventSize(), EPoll.eventsOffset() and EPoll.dataOffset()
sun.nio.ch.EPollSelectorImpl, RERUN, Calls IOUtil.fdLimit()
sun.nio.ch.EventPortSelectorImpl, RERUN, Calls IOUtil.fdLimit()
sun.nio.ch.FileChannelImpl, RERUN, for JDK native code support via JNI
sun.nio.ch.FileChannelImpl$Unmapper, RERUN, for JDK native code support via JNI
sun.nio.ch.FileDispatcherImpl, RERUN, for JDK native code support via JNI
sun.nio.ch.FileKey, RERUN, for JDK native code support via JNI
sun.nio.ch.IOUtil, RERUN, for JDK native code support via JNI
sun.nio.ch.NativeThread, RERUN, for JDK native code support via JNI
sun.nio.ch.Net, RERUN, for JDK native code support via JNI
sun.nio.ch.ServerSocketChannelImpl, RERUN, for JDK native code support via JNI
sun.nio.ch.SimpleAsynchronousFileChannelImpl, RERUN, for JDK native code support via JNI
sun.nio.ch.SimpleAsynchronousFileChannelImpl$DefaultExecutorHolder, RERUN, for JDK native code support via JNI
sun.nio.ch.SinkChannelImpl, RERUN, for JDK native code support via JNI
sun.nio.ch.SocketOptionRegistry$LazyInitialization, RERUN, for JDK native code support via JNI
sun.nio.ch.SourceChannelImpl, RERUN, for JDK native code support via JNI
sun.nio.ch.UnixAsynchronousServerSocketChannelImpl, RERUN, for JDK native code support via JNI
sun.nio.ch.sctp.SctpChannelImpl, RERUN, for JDK native code support via JNI
sun.nio.fs.LinuxWatchService$Poller, RERUN, LinuxWatchService.eventSize() and LinuxWatchService.eventOffsets()
sun.nio.fs.UnixNativeDispatcher, RERUN, for JDK native code support via JNI
sun.reflect, BUILD_TIME, Core JDK classes are initialized at build time
sun.security.action, BUILD_TIME, Core JDK classes are initialized at build time
sun.security.ec, BUILD_TIME, Core JDK classes are initialized at build time
sun.security.internal.interfaces, BUILD_TIME, Core JDK classes are initialized at build time
sun.security.internal.spec, BUILD_TIME, Core JDK classes are initialized at build time
sun.security.jca, BUILD_TIME, Core JDK classes are initialized at build time
sun.security.jca.JCAUtil$CachedSecureRandomHolder, RERUN, for substitutions
sun.security.jgss, BUILD_TIME, Core JDK classes are initialized at build time
sun.security.krb5, BUILD_TIME, Core JDK classes are initialized at build time
sun.security.krb5.Confounder, RERUN, for substitutions
sun.security.krb5.KrbServiceLocator, RERUN, Contains Random references, therefore can't be included in the image heap.
sun.security.mscapi, BUILD_TIME, Core JDK classes are initialized at build time
sun.security.pkcs, BUILD_TIME, Core JDK classes are initialized at build time
sun.security.pkcs10, BUILD_TIME, Core JDK classes are initialized at build time
sun.security.pkcs11, BUILD_TIME, Core JDK classes are initialized at build time for better performance
sun.security.pkcs12, BUILD_TIME, Core JDK classes are initialized at build time
sun.security.provider, BUILD_TIME, Core JDK classes are initialized at build time
sun.security.provider.AbstractDrbg$SeederHolder, RERUN, for substitutions
sun.security.provider.FileInputStreamPool, RERUN, for substitutions
sun.security.provider.NativePRNG, RERUN, for substitutions
sun.security.provider.NativePRNG$Blocking, RERUN, for substitutions
sun.security.provider.NativePRNG$NonBlocking, RERUN, for substitutions
sun.security.provider.SecureRandom$SeederHolder, RERUN, for substitutions
sun.security.provider.SeedGenerator, RERUN, for substitutions
sun.security.rsa, BUILD_TIME, Core JDK classes are initialized at build time
sun.security.smartcardio, BUILD_TIME, Core JDK classes are initialized at build time
sun.security.ssl, BUILD_TIME, Core JDK classes are initialized at build time
sun.security.ssl.SSLContextImpl$DefaultManagersHolder, RERUN, for reading properties at run time
sun.security.ssl.SSLLogger, RERUN, for reading properties at run time
sun.security.timestamp, BUILD_TIME, Core JDK classes are initialized at build time
sun.security.tools, BUILD_TIME, Core JDK classes are initialized at build time
sun.security.util, BUILD_TIME, Required for TrustStoreManager
sun.security.util.UntrustedCertificates, BUILD_TIME, Required for TrustStoreManager
sun.security.validator, BUILD_TIME, Core JDK classes are initialized at build time
sun.security.x509, BUILD_TIME, Core JDK classes are initialized at build time
sun.text, BUILD_TIME, Core JDK classes are initialized at build time
sun.util, BUILD_TIME, Core JDK classes are initialized at build time
void, BUILD_TIME, primitive types are initialized at build time
